Item Name,Category,Technical Specifications,Application Use Case,Manufacturer or Project,Complexity Level (Inferred),Source
Neural Amp Modeler (NAM),Neural Architecture,Snapshot modeling; supports stacked LSTM and WaveNet models; implementation includes parametric modeling.,State-of-the-art open-source digital modeling of guitar amplifiers with high accuracy.,Steven Atkinson,High (Deep learning training; requires significant computational overhead for real-time inference).,1
WaveNet,Neural Architecture,Convolutional Neural Network (CNN); Dilated causal convolutions; Large receptive field; Feedforward processing.,High-fidelity amp modeling snapshots and complex saturation emulation.,"Neural Amp Modeler (NAM), PANAMA","Extreme (high CPU/GPU overhead, up to 4x more than LSTM).","2, 3"
LSTM,Neural Architecture,"Recurrent Neural Network (RNN); Forget, Input, and Output gates; Stateful sequence handling; Temporal memory.","Real-time guitar modeling for pedals, compression, and time-varying effects (phaser/flanger).","Neural Amp Modeler (NAM), Proteus, PANAMA",High (computational complexity based on hidden units and layers).,"2, 3"
PANAMA,Neural Modeling Project,Active Learning framework; Ensemble-based (LSTM + WaveNet); Gradient-based optimization of knob settings.,Creating parametric virtual amp models with full knob control.,ETH-DISCO,High (requires model ensembling and iterative training).,3
DDSP,Neural Architecture,"Differentiable Digital Signal Processing; Combines FIR filters, oscillators, and neural nonlinearities; Differentiable parameters.",Interpretable and highly efficient guitar amp modeling (10% of black-box operations).,Magenta / NablaFX,High (integration of DSP and Deep Learning).,2
Simul-Class (TM),Power Amp Architecture,Combines triode-connected Class A and tetrode-connected Class AB stages simultaneously.,Mesa/Boogie Mark series amplifiers; goal to eliminate crossover distortion while retaining punch.,Randall Smith / Mesa Boogie,High (Patented complex switching and biasing for multiple tube types).,4
PT2399,Digital Delay/Echo Processor,CMOS technology; 44Kb RAM; ADC/DAC included; 5V supply; Delay: 30ms to 600ms (up to 1s with noise); THD: <0.5% @ 0.5Vrms.,"Karaoke systems, guitar delay, echo, and reverb pedals; Time Manipulator pedal.",Princeton Technology Corp. / Electrosmash,High (digital-analog hybrid system on chip).,"5, 6"
MN3007,Bucket Brigade Device,1024 stages; PMOS technology; S/N: 80dB; THD: 0.5%; Supply voltage: -10V to -15V; Delay: 5.12 to 51.2ms; Input capacitance: 700pF.,"Chorus, Flanger, Echo, Reverb, and Vibrato effects.",Matsushita/Panasonic,Medium (integrated circuit with thousands of internal components).,"7, 8"
MN3207,Bucket Brigade Device,1024 stages; NMOS technology; S/N: 73dB; THD: 0.4%; Supply voltage: +4V to +10V; Delay: 2.56 to 51.2ms; Max clock: 200kHz.,"9V powered guitar effects (Chorus, Flanger).",Matsushita/Panasonic (also clones by Behringer/Coolaudio),Medium (integrated circuit).,8
SAD1024,Bucket Brigade Device,1024 stages; Dual Delay Line; Clock input capacitance: 110pF; High clock frequency capability (>1MHz).,Flanger and Chorus effects requiring short delays.,Reticon,Medium (specialized analog IC).,8
12AX7 / ECC83,Twin Triode Vacuum Tube,Amplification factor ( $\mu$ ): 100; Plate resistance ( $r_p$ ): ~62.5k $\Omega$  to 80k $\Omega$ ; Voltage gain ~36dB; Unloaded gain: 61.54.,"Preamplifier gain stages, phase inverters, and tremolo LFOs; used in Fender Champ, Marshall JCM800.","Various (RCA, Mullard, Fender, etc.)",Low (Standard common-cathode gain stage).,"2, 9-15"
EL34 / 6CA7,Power Pentode,Plate dissipation limit 25W; Max plate voltage: 440V to 800V; Often used in Class A or AB.,"Marshall JCM800, Bad Cat Hot Cat 30; known for high power punch and smooth distortion.",Marshall / Bad Cat,Moderate to High (Requires robust power supply filtering and heat management).,"16, 17"
6L6 / 6L6GC,Beam Power Tetrode,Max plate dissipation 20W to 30W; 6.4k $\Omega$  to 6.6k $\Omega$  plate-to-plate primary load.,"Masco MAP-15, Fender Bassman; classic tools for rock and blues with distinct knees in characteristic curves.",RCA / Fender / Masco,Moderate (Requires precise screen and plate voltage alignment).,"15, 18, 19"
EL84 / 6BQ5,Power Pentode,Plate voltage max 350V; Output power approx. 15W to 18W in push-pull; Cathode bias approx. -10V to -11.6V.,"Vox AC15, Orange AD15, Watkins Dominator; used in Class AB push-pull designs.",Vox / Orange / Watkins,Moderate (Used in designs without negative feedback).,20-23
7591,Power Tube,Output power approx. 28W; DC grid bias -13V to -15V; 6.6k $\Omega$  plate-to-plate primary load.,"Ampeg Jet 12 push-pull power amp; suitable for country, jazz, and high headroom.",Ampeg / Ampbooks,Moderate (Requires precise DC biasing and load line calculation).,12
EF86,Pentode Preamp Tube,Unloaded voltage gain approx. 188 (45dB) to 56dB; High output impedance (~330k $\Omega$ ).,"Matchless DC-30, Vox AC15 Channel 2; produces a thick, rich tone.",Vox / Matchless / Philips,Moderate (High gain requires careful layout and screen grid regulation).,"21, 24"
6V6 / 6AQ5,Beam Power Tetrode,Output power approx. 4.6W to 5.8W (single-ended); Cathode bias approx. -17V to -19V.,"Fender Champ 5E1, Gibson GA-5; standard for low-power practice and studio amps.",Fender / Gibson,Low to Moderate (Standard single-ended design).,"14, 25"
JRC4558,Dual Operational Amplifier,Bipolar transistors; Voltage gain: 100dB; Input impedance: 5M $\Omega$ ; Supply:  $\pm$ 4V to 18V; Slew rate: 1.7V/ $\mu$ s.,"Overdrive circuits (Tube Screamer), filters, and general audio pre-amplification.",Japan Radio Company (JRC),Medium (standard dual op-amp integrated circuit).,"26, 27"
TL072,Dual JFET Operational Amplifier,JFET input; Input impedance:  $10^{12}$   $\Omega$ ; Slew rate: 13V/ $\mu$ s; Low bias current; Internally compensated.,"High input impedance buffers, Klon Centaur overdrive, and summing amplifiers.",Texas Instruments (and others),Medium (standard JFET dual op-amp).,28-30
CA3080,Operational Transconductance Amplifier (OTA),Differential input; Output current proportional to input voltage; Bias current controlled gain.,"Dynamic range compression (MXR Dyna Comp, Ross Compressor).",RCA / Intersil,Medium (integrated transconductance circuit).,31